IEM Katowice, Poland, 1/18/2013, 1/20/2013
IEM Kiev, Ukraine, 5/20/2012, 5/22/2012
IEM Brazil,Brazil,01/31/2013,02/03/2013
world fz,d,02/10/2013,02/28/2013
wafdaf,dafsdf,02/04/2013,02/15/2013
IEM Katowice, Poland, 1/18/2013, 1/20/2013
IEM Kiev, Ukraine, 5/20/2012, 5/22/2012
IEM Brazil,Brazil,01/31/2013,02/03/2013
wafdaf,dafsdf,02/04/2013,02/15/2013
IEM Katowice, Poland, 1/18/2013, 1/20/2013
IEM Kiev, Ukraine, 5/20/2012, 5/22/2012
IEM Brazil,Brazil,01/31/2013,02/03/2013
wafdaf,dafsdf,02/04/2013,02/15/2013
IEM Katowice, Poland,02/01/2013,02/04/2013
IEM Brazil,Brazil,01/31/2013,02/03/2013
s,s,02/04/2013,02/06/2013
IEM Katowice, Poland, 1/18/2013, 1/20/2013
IEM Kiev, Ukraine, 5/20/2012, 5/22/2012
IEM Brazil,Brazil,01/31/2013,02/03/2013
world fz,d,02/10/2013,02/28/2013
wafdaf,dafsdf,02/04/2013,02/15/2013
IEM Katowice, Poland, 1/18/2013, 1/20/2013
IEM Kiev, Ukraine, 5/20/2012, 5/22/2012
IEM Brazil,Brazil,01/31/2013,02/03/2013
wafdaf,dafsdf,02/04/2013,02/15/2013
IEM Katowice, Poland, 1/18/2013, 1/20/2013
IEM Kiev, Ukraine, 5/20/2012, 5/22/2012
IEM Brazil,Brazil,01/31/2013,02/03/2013
wafdaf,dafsdf,02/04/2013,02/15/2013
IEM Katowice, Poland,02/01/2013,02/04/2013
IEM Brazil,Brazil,01/31/2013,02/03/2013
s,s,02/04/2013,02/06/2013
IEM Katowice, Poland, 1/18/2013, 1/20/2013
IEM Kiev, Ukraine, 5/20/2012, 5/22/2012
IEM Brazil,Brazil,01/31/2013,02/03/2013
world fz,d,02/10/2013,02/28/2013
wafdaf,dafsdf,02/04/2013,02/15/2013
IEM Katowice, Poland, 1/18/2013, 1/20/2013
IEM Kiev, Ukraine, 5/20/2012, 5/22/2012
IEM Brazil,Brazil,01/31/2013,02/03/2013
wafdaf,dafsdf,02/04/2013,02/15/2013
IEM Katowice, Poland, 1/18/2013, 1/20/2013
IEM Kiev, Ukraine, 5/20/2012, 5/22/2012
IEM Brazil,Brazil,01/31/2013,02/03/2013
IEM Katowice, Poland,02/01/2013,02/04/2013
IEM Brazil,Brazil,01/31/2013,02/03/2013
Ben,Awesome,02/05/2013,02/19/2013